{"designerVersion":"1.2.19","favorite":false,"id":"customTextAreaPlus","name":"TextAreaPlus","lastUpdate":1481752381609,"template":"<div ng-class=\"{\r\n    'form-horizontal': properties.labelPosition === 'left' && !properties.labelHidden,\r\n    'row': properties.labelPosition === 'top' && !properties.labelHidden || properties.labelHidden\r\n    }\">\r\n    <div class=\"form-group, {{properties.cssClasses}}\">\r\n        <label\r\n            ng-if=\"!properties.labelHidden\"\r\n            ng-class=\"{ 'control-label--required': properties.required }\"\r\n            class=\"control-label col-xs-{{ !properties.labelHidden && properties.labelPosition === 'left' ? properties.labelWidth : 12 }}\">\r\n            {{ properties.label | uiTranslate }}\r\n        </label>\r\n        <div class=\"col-xs-{{ 12 - (!properties.labelHidden && properties.labelPosition === 'left' ? properties.labelWidth : 0) }}\">\r\n            <textarea class=\"form-control\"\r\n                name=\"{{ctrl.name}}\"\r\n                style=\"{{properties.styleCSS}}\"\r\n                ng-model=\"properties.value\"\r\n                ng-required=\"properties.required\"\r\n                ng-minlength=\"properties.minLength\"\r\n                ng-maxlength=\"properties.maxLength\"\r\n                maxlength=\"{{ctrl.getMaxlength()}}\"\r\n                title=\"{{properties.title}}\"\r\n                ng-readonly=\"properties.readOnly\">\r\n            </textarea>\r\n            <div ng-messages=\"$form[ctrl.name].$dirty && $form[ctrl.name].$error \" ng-messages-include=\"forms-generic-errors.html\" role=\"alert\"></div>\r\n        </div>\r\n    </div>\r\n</div>\r\n","icon":"<svg xmlns='http://www.w3.org/2000/svg' viewBox='0 0 50 20'><g fill='#fff'><path d='M1 19V1h48v18H1zM0 0v20h50V0H0z'/><path d='M47 17h1v1h-1zM47 14h1v1h-1zM46 15h1v1h-1zM45 16h1v1h-1zM44 17h1v1h-1zM42 16h1v1h-1zM41 17h1v1h-1zM43 15h1v1h-1zM44 14h1v1h-1zM45 13h1v1h-1zM46 12h1v1h-1zM47 11h1v1h-1zM3 17h1v1H3zM5 17h1v1H5zM5 2h1v1H5zM3 2h1v1H3zM4 3h1v14H4z'/></g></svg>","controller":"function PbTextAreaCtrl($scope, $log, widgetNameFactory) {\n\n  'use strict';\n\n  this.name = widgetNameFactory.getName('pbTextArea');\n\n\n    this.getMaxlength = function() {\n        if ($scope.properties.realMaxLength)\n            return $scope.properties.realMaxLength;\n        return 99999;\n    }\n    \n  if (!$scope.properties.isBound('value')) {\n    $log.error('the pbTextArea property named \"value\" need to be bound to a variable');\n  }\n}\n","description":"Multi-line, expandable, text input field","custom":true,"order":3,"properties":[{"label":"Read-only","name":"readOnly","type":"boolean","defaultValue":false,"bond":"expression"},{"label":"Required","name":"required","help":"In the context of a form container, use $form.$invalid as a Boolean to check form validity in a widget property","type":"boolean","defaultValue":false,"bond":"expression"},{"label":"Value min length","name":"minLength","help":"In the context of a form container, use $form.$invalid as a Boolean to check form validity in a widget property","type":"integer","defaultValue":"","bond":"expression"},{"label":"Value max length","name":"maxLength","help":"In the context of a form container, use $form.$invalid as a Boolean to check form validity in a widget property","type":"integer","defaultValue":"","bond":"expression"},{"label":"Label hidden","name":"labelHidden","type":"boolean","defaultValue":false,"bond":"constant"},{"label":"Label","name":"label","showFor":"properties.labelHidden.value === false","type":"text","defaultValue":"Default label","bond":"interpolation"},{"label":"Label position","name":"labelPosition","showFor":"properties.labelHidden.value === false","type":"choice","defaultValue":"top","choiceValues":["left","top"],"bond":"constant"},{"label":"Label width","name":"labelWidth","showFor":"properties.labelHidden.value === false","type":"integer","defaultValue":4,"bond":"constant","constraints":{"min":"1","max":"12"}},{"label":"Value","name":"value","type":"text","bond":"variable"},{"label":"Real max Length (user can't give more in characters)","name":"realMaxLength","type":"integer","bond":"expression"},{"label":"Style CSS","name":"styleCSS","type":"text","bond":"expression"},{"label":"Title (info bulle)","name":"title","type":"text","bond":"expression"}],"assets":[]}