{"designerVersion":"1.2.19","favorite":true,"id":"d0e97543-46fd-4505-839b-55470cd96072","name":"pageBonitaProperties","type":"page","lastUpdate":1487032104892,"rows":[[{"type":"container","dimension":{"xs":12,"sm":12,"md":6,"lg":6},"propertyValues":{"cssClasses":{"type":"constant","value":"panel panel-info"},"hidden":{"type":"constant","value":false},"repeatedCollection":{"type":"variable"}},"reference":"da63c81e-de73-411f-9392-86b7a37a71de","rows":[[{"type":"component","dimension":{"xs":12,"sm":12,"md":12,"lg":12},"propertyValues":{"cssClasses":{"type":"constant","value":""},"hidden":{"type":"constant","value":false},"text":{"type":"interpolation","value":"Get"},"level":{"type":"constant","value":"Level 3"},"alignment":{"type":"constant","value":"left"},"styleCSS":{"type":"constant","value":"background:#dff0d8"}},"reference":"b85dae1a-094e-430d-83f6-a3b6df1a37b2","id":"customTitlePlus"}],[{"type":"component","dimension":{"xs":12,"sm":12,"md":12,"lg":12},"propertyValues":{"cssClasses":{"type":"constant","value":""},"hidden":{"type":"constant","value":false},"required":{"type":"constant","value":true},"minLength":{"type":"constant","value":""},"maxLength":{"type":"constant","value":""},"readOnly":{"type":"constant","value":false},"labelHidden":{"type":"constant","value":false},"label":{"type":"interpolation","value":"Name"},"labelPosition":{"type":"constant","value":"top"},"labelWidth":{"type":"constant","value":4},"placeholder":{"type":"interpolation"},"value":{"type":"variable","value":"getParam.name"},"type":{"type":"constant","value":"text"},"min":{"type":"constant"},"max":{"type":"constant"},"realMaxLength":{"type":"constant"},"styleCSS":{"type":"constant"},"title":{"type":"constant"}},"reference":"05c4b98c-49c1-4b7f-9fcf-b7a098fe09d6","id":"customInputPlus"}],[{"type":"component","dimension":{"xs":12,"sm":12,"md":12,"lg":12},"propertyValues":{"cssClasses":{"type":"constant","value":""},"hidden":{"type":"constant","value":false},"required":{"type":"constant","value":false},"minLength":{"type":"constant","value":""},"maxLength":{"type":"constant","value":""},"readOnly":{"type":"constant","value":false},"labelHidden":{"type":"constant","value":false},"label":{"type":"interpolation","value":"Domain"},"labelPosition":{"type":"constant","value":"top"},"labelWidth":{"type":"constant","value":4},"placeholder":{"type":"interpolation"},"value":{"type":"variable","value":"getParam.domain"},"type":{"type":"constant","value":"text"},"min":{"type":"constant"},"max":{"type":"constant"},"realMaxLength":{"type":"constant"},"styleCSS":{"type":"constant"},"title":{"type":"constant"}},"reference":"3acced91-f0e6-48c1-8f9c-fac16d7e04e6","id":"customInputPlus"}],[{"type":"component","dimension":{"xs":12,"sm":12,"md":12,"lg":12},"propertyValues":{"cssClasses":{"type":"constant","value":""},"hidden":{"type":"constant","value":false},"required":{"type":"constant","value":false},"minLength":{"type":"constant","value":""},"maxLength":{"type":"constant","value":""},"readOnly":{"type":"constant","value":false},"labelHidden":{"type":"constant","value":false},"label":{"type":"interpolation","value":"Key"},"labelPosition":{"type":"constant","value":"top"},"labelWidth":{"type":"constant","value":4},"placeholder":{"type":"interpolation"},"value":{"type":"variable","value":"getParam.key"},"type":{"type":"constant","value":"text"},"min":{"type":"constant"},"max":{"type":"constant"},"realMaxLength":{"type":"constant"},"styleCSS":{"type":"constant"},"title":{"type":"constant"}},"reference":"466de132-c7aa-406f-94ae-703212df2ea4","id":"customInputPlus"}],[{"type":"component","dimension":{"xs":12,"sm":12,"md":12,"lg":12},"propertyValues":{"cssClasses":{"type":"constant","value":""},"hidden":{"type":"constant","value":false},"disabled":{"type":"constant","value":false},"label":{"type":"interpolation","value":"Get"},"alignment":{"type":"constant","value":"center"},"buttonStyle":{"type":"constant","value":"success"},"action":{"type":"constant","value":"GET"},"url":{"type":"interpolation","value":"../API/extension/bonitaproperties?name={{getParam.name}}&domain={{getParam.domain}}&key={{getParam.key}}"},"dataToSend":{"type":"constant"},"dataFromSuccess":{"type":"variable","value":"getParam.answer"},"dataFromError":{"type":"variable"},"targetUrlOnSuccess":{"type":"interpolation"},"collectionToModify":{"type":"variable"},"collectionPosition":{"type":"constant","value":"Last"},"valueToAdd":{"type":"constant"},"removeItem":{"type":"variable"}},"reference":"5d0c43f6-90b1-41c8-b18a-69385723e22b","id":"pbButton"}],[{"type":"component","dimension":{"xs":12,"sm":12,"md":12,"lg":12},"propertyValues":{"cssClasses":{"type":"constant","value":""},"hidden":{"type":"constant","value":false},"text":{"type":"interpolation","value":"<div class=\"well\">{{getParam.answer}}</div>"},"alignment":{"type":"constant","value":"left"}},"reference":"9bfed62b-0bcc-4b53-bdc2-ee35a034bf12","id":"pbText"}]]},{"type":"container","dimension":{"xs":12,"sm":12,"md":6,"lg":6},"propertyValues":{"cssClasses":{"type":"constant","value":"panel panel-info"},"hidden":{"type":"constant","value":false},"repeatedCollection":{"type":"variable"}},"reference":"08ec2e44-97b3-4036-99b6-5b38de5d5f5b","rows":[[{"type":"component","dimension":{"xs":12,"sm":12,"md":12,"lg":12},"propertyValues":{"cssClasses":{"type":"constant","value":""},"hidden":{"type":"constant","value":false},"text":{"type":"interpolation","value":"Put"},"level":{"type":"constant","value":"Level 3"},"alignment":{"type":"constant","value":"left"},"styleCSS":{"type":"constant","value":"background:#dff0d8"}},"reference":"2f54e2c2-cb39-4493-b92e-4f789374810d","id":"customTitlePlus"}],[{"type":"component","dimension":{"xs":12,"sm":12,"md":12,"lg":12},"propertyValues":{"cssClasses":{"type":"constant","value":""},"hidden":{"type":"constant","value":false},"required":{"type":"constant","value":false},"minLength":{"type":"constant","value":""},"maxLength":{"type":"constant","value":""},"readOnly":{"type":"constant","value":false},"labelHidden":{"type":"constant","value":false},"label":{"type":"interpolation","value":"Name"},"labelPosition":{"type":"constant","value":"top"},"labelWidth":{"type":"constant","value":4},"placeholder":{"type":"interpolation"},"value":{"type":"variable","value":"putParam.name"},"type":{"type":"constant","value":"text"},"min":{"type":"constant"},"max":{"type":"constant"},"realMaxLength":{"type":"constant"},"styleCSS":{"type":"constant"},"title":{"type":"constant"}},"reference":"c47d4bf1-d032-45ae-aa05-f2c3e5110911","id":"customInputPlus"}],[{"type":"component","dimension":{"xs":12,"sm":12,"md":12,"lg":12},"propertyValues":{"cssClasses":{"type":"constant","value":""},"hidden":{"type":"constant","value":false},"required":{"type":"constant","value":false},"minLength":{"type":"constant","value":""},"maxLength":{"type":"constant","value":""},"readOnly":{"type":"constant","value":false},"labelHidden":{"type":"constant","value":false},"label":{"type":"interpolation","value":"Domain"},"labelPosition":{"type":"constant","value":"top"},"labelWidth":{"type":"constant","value":4},"placeholder":{"type":"interpolation"},"value":{"type":"variable","value":"putParam.domain"},"type":{"type":"constant","value":"text"},"min":{"type":"constant"},"max":{"type":"constant"},"realMaxLength":{"type":"constant"},"styleCSS":{"type":"constant"},"title":{"type":"constant"}},"reference":"76514fe2-1b94-4de1-929a-c750101c47a7","id":"customInputPlus"}],[{"type":"container","dimension":{"xs":12,"sm":12,"md":6,"lg":6},"propertyValues":{"cssClasses":{"type":"constant","value":""},"hidden":{"type":"constant","value":false},"repeatedCollection":{"type":"variable"}},"reference":"c554f348-cddb-43c9-8a26-a8bb1dcc5935","rows":[[{"type":"component","dimension":{"xs":12,"sm":12,"md":12,"lg":12},"propertyValues":{"cssClasses":{"type":"constant","value":""},"hidden":{"type":"constant","value":false},"required":{"type":"constant","value":false},"minLength":{"type":"constant","value":""},"maxLength":{"type":"constant","value":""},"readOnly":{"type":"constant","value":false},"labelHidden":{"type":"constant","value":false},"label":{"type":"interpolation","value":"Key"},"labelPosition":{"type":"constant","value":"top"},"labelWidth":{"type":"constant","value":4},"placeholder":{"type":"interpolation"},"value":{"type":"variable","value":"putParam.key"},"type":{"type":"constant","value":"text"},"min":{"type":"constant"},"max":{"type":"constant"},"realMaxLength":{"type":"constant"},"styleCSS":{"type":"constant"},"title":{"type":"constant"}},"reference":"72aefde6-86da-4c21-bd6d-b5f6b8a3a521","id":"customInputPlus"}],[{"type":"component","dimension":{"xs":12,"sm":12,"md":12,"lg":12},"propertyValues":{"cssClasses":{"type":"constant","value":""},"hidden":{"type":"constant","value":false},"required":{"type":"constant","value":false},"minLength":{"type":"constant","value":""},"maxLength":{"type":"constant","value":""},"readOnly":{"type":"constant","value":false},"labelHidden":{"type":"constant","value":false},"label":{"type":"interpolation","value":"Value"},"labelPosition":{"type":"constant","value":"top"},"labelWidth":{"type":"constant","value":4},"placeholder":{"type":"interpolation"},"value":{"type":"variable","value":"putParam.value"},"type":{"type":"constant","value":"text"},"min":{"type":"constant"},"max":{"type":"constant"},"realMaxLength":{"type":"constant"},"styleCSS":{"type":"constant"},"title":{"type":"constant"}},"reference":"0702cac3-6a9a-4a6d-ba7e-043f898b9493","id":"customInputPlus"}]]},{"type":"container","dimension":{"xs":12,"sm":12,"md":6,"lg":6},"propertyValues":{"cssClasses":{"type":"constant","value":""},"hidden":{"type":"constant","value":false},"repeatedCollection":{"type":"variable"}},"reference":"d7a87fae-ead8-4079-8fed-830c96ed7be6","rows":[[{"type":"component","dimension":{"xs":12,"sm":12,"md":12,"lg":12},"propertyValues":{"cssClasses":{"type":"constant","value":""},"hidden":{"type":"constant","value":false},"readOnly":{"type":"constant","value":false},"required":{"type":"constant","value":false},"minLength":{"type":"constant","value":""},"maxLength":{"type":"constant","value":""},"labelHidden":{"type":"constant","value":false},"label":{"type":"interpolation","value":"Json"},"labelPosition":{"type":"constant","value":"top"},"labelWidth":{"type":"constant","value":4},"value":{"type":"variable","value":"putParam.json"},"realMaxLength":{"type":"constant","value":1000},"styleCSS":{"type":"constant"},"title":{"type":"constant"}},"reference":"39c02cfb-5eac-4ef2-8b5e-a2849a7b612e","id":"customTextAreaPlus"}]]}],[{"type":"component","dimension":{"xs":12,"sm":12,"md":6,"lg":6},"propertyValues":{"cssClasses":{"type":"constant","value":""},"hidden":{"type":"constant","value":false},"disabled":{"type":"constant","value":false},"label":{"type":"interpolation","value":"Put Key/Value"},"alignment":{"type":"constant","value":"center"},"buttonStyle":{"type":"constant","value":"primary"},"action":{"type":"constant","value":"PUT"},"url":{"type":"interpolation","value":"../API/extension/bonitaproperties?name={{putParam.name}}&domain={{putParam.domain}}&key={{putParam.key}}&value={{putParam.value}}"},"dataToSend":{"type":"constant"},"dataFromSuccess":{"type":"variable","value":"putParam.answer"},"dataFromError":{"type":"variable"},"targetUrlOnSuccess":{"type":"interpolation"},"collectionToModify":{"type":"variable"},"collectionPosition":{"type":"constant","value":"Last"},"valueToAdd":{"type":"constant"},"removeItem":{"type":"variable"}},"reference":"8aa62d3c-e5ad-48d1-9fa6-9f005ea13fee","id":"pbButton"},{"type":"component","dimension":{"xs":12,"sm":12,"md":6,"lg":6},"propertyValues":{"cssClasses":{"type":"constant","value":""},"hidden":{"type":"constant","value":false},"disabled":{"type":"constant","value":false},"label":{"type":"interpolation","value":"Put Json"},"alignment":{"type":"constant","value":"center"},"buttonStyle":{"type":"constant","value":"primary"},"action":{"type":"constant","value":"PUT"},"url":{"type":"interpolation","value":"../API/extension/bonitaproperties?name={{putParam.name}}&domain={{putParam.domain}}&set={{putParam.json}}"},"dataToSend":{"type":"constant"},"dataFromSuccess":{"type":"variable","value":"putParam.answer"},"dataFromError":{"type":"variable"},"targetUrlOnSuccess":{"type":"interpolation"},"collectionToModify":{"type":"variable"},"collectionPosition":{"type":"constant","value":"Last"},"valueToAdd":{"type":"constant"},"removeItem":{"type":"variable"}},"reference":"5bbcefda-0eac-4b21-8265-013de5610546","id":"pbButton"}],[{"type":"component","dimension":{"xs":12,"sm":12,"md":12,"lg":12},"propertyValues":{"cssClasses":{"type":"constant","value":""},"hidden":{"type":"constant","value":false},"text":{"type":"interpolation","value":"<div class=\"well\">{{putParam.answer}}</div>"},"alignment":{"type":"constant","value":"left"}},"reference":"9bd29161-1ded-49eb-8a04-b8bc96777e4b","id":"pbText"}]]}],[{"type":"container","dimension":{"xs":12,"sm":12,"md":12,"lg":12},"propertyValues":{"cssClasses":{"type":"constant","value":""},"hidden":{"type":"constant","value":false},"repeatedCollection":{"type":"variable"}},"reference":"dbe2287a-79ac-43c9-8936-ba4e63d0302b","rows":[[{"type":"component","dimension":{"xs":12,"sm":12,"md":12,"lg":12},"propertyValues":{"cssClasses":{"type":"constant","value":""},"hidden":{"type":"constant","value":false},"text":{"type":"interpolation","value":"Access Right"},"level":{"type":"constant","value":"Level 3"},"alignment":{"type":"constant","value":"left"},"styleCSS":{"type":"constant","value":"background:#dff0d8"}},"reference":"ac45d298-5157-44b8-94fe-df37be4f79ad","id":"customTitlePlus"}],[{"type":"container","dimension":{"xs":12,"sm":12,"md":8,"lg":8},"propertyValues":{"cssClasses":{"type":"constant","value":""},"hidden":{"type":"constant","value":false},"repeatedCollection":{"type":"variable"}},"reference":"af91aa15-03f5-4d5b-a78b-0c18572ca8b1","rows":[[{"type":"component","dimension":{"xs":12,"sm":12,"md":6,"lg":6},"propertyValues":{"cssClasses":{"type":"constant","value":""},"hidden":{"type":"constant","value":false},"required":{"type":"constant","value":false},"minLength":{"type":"constant","value":""},"maxLength":{"type":"constant","value":""},"readOnly":{"type":"constant","value":false},"labelHidden":{"type":"constant","value":false},"label":{"type":"interpolation","value":"Filter on name"},"labelPosition":{"type":"constant","value":"top"},"labelWidth":{"type":"constant","value":4},"placeholder":{"type":"interpolation"},"value":{"type":"variable","value":"accessRight.filtername"},"type":{"type":"constant","value":"text"},"min":{"type":"constant"},"max":{"type":"constant"},"realMaxLength":{"type":"constant"},"styleCSS":{"type":"constant"},"title":{"type":"constant"}},"reference":"4f798516-e714-4a23-b207-a95bb763f19b","id":"customInputPlus"},{"type":"component","dimension":{"xs":12,"sm":12,"md":6,"lg":6},"propertyValues":{"cssClasses":{"type":"constant","value":""},"hidden":{"type":"constant","value":false},"disabled":{"type":"constant","value":false},"label":{"type":"interpolation","value":"Refresh"},"alignment":{"type":"constant","value":"left"},"buttonStyle":{"type":"constant","value":"success"},"action":{"type":"constant","value":"GET"},"url":{"type":"interpolation","value":"../API/extension/bonitaaccessproperties?filtername={{accessRight.filtername}}"},"dataToSend":{"type":"constant"},"dataFromSuccess":{"type":"variable","value":"accessRight.list"},"dataFromError":{"type":"variable"},"targetUrlOnSuccess":{"type":"interpolation"},"collectionToModify":{"type":"variable"},"collectionPosition":{"type":"constant","value":"Last"},"valueToAdd":{"type":"constant"},"removeItem":{"type":"variable"}},"reference":"a6904b97-049c-4acd-b272-e94e22ca8a23","id":"pbButton"}],[{"type":"component","dimension":{"xs":12,"sm":12,"md":12,"lg":12},"propertyValues":{"cssClasses":{"type":"constant","value":""},"hidden":{"type":"constant","value":false},"headers":{"type":"constant","value":["rulename","name","domain","Domain Is User","ReadOnly","Admin","All Domaines","Profile","Role","Group","User Name"]},"content":{"type":"expression","value":"accessRight.list.rules"},"columnsKey":{"type":"constant","value":["ruleName","name","domain","domainIsUserId","isReadOnly","isAdmin","applyAllDomain","profileName","roleName","groupPath","userName"]},"selectedRow":{"type":"variable"}},"reference":"20f26a92-7f6b-4324-9997-871f98525f89","id":"pbTable"}],[{"type":"component","dimension":{"xs":12,"sm":12,"md":6,"lg":6},"propertyValues":{"cssClasses":{"type":"constant","value":""},"hidden":{"type":"constant","value":false},"required":{"type":"constant","value":false},"minLength":{"type":"constant","value":""},"maxLength":{"type":"constant","value":""},"readOnly":{"type":"constant","value":false},"labelHidden":{"type":"constant","value":false},"label":{"type":"interpolation","value":"Clean this name"},"labelPosition":{"type":"constant","value":"top"},"labelWidth":{"type":"constant","value":4},"placeholder":{"type":"interpolation"},"value":{"type":"variable","value":"accessRight.cleanname"},"type":{"type":"constant","value":"text"},"min":{"type":"constant"},"max":{"type":"constant"},"realMaxLength":{"type":"constant"},"styleCSS":{"type":"constant"},"title":{"type":"constant"}},"reference":"38267ee3-c605-4796-8f8a-86dca334ff59","id":"customInputPlus"},{"type":"component","dimension":{"xs":12,"sm":12,"md":6,"lg":6},"propertyValues":{"cssClasses":{"type":"constant","value":""},"hidden":{"type":"constant","value":false},"disabled":{"type":"constant","value":false},"label":{"type":"interpolation","value":"Clean"},"alignment":{"type":"constant","value":"left"},"buttonStyle":{"type":"constant","value":"danger"},"action":{"type":"constant","value":"PUT"},"url":{"type":"interpolation","value":"../API/extension/bonitaaccessproperties?name={{accessRight.cleanname}}&clean=true"},"dataToSend":{"type":"constant"},"dataFromSuccess":{"type":"variable","value":"accessRight.cleanstatus"},"dataFromError":{"type":"variable"},"targetUrlOnSuccess":{"type":"interpolation"},"collectionToModify":{"type":"variable"},"collectionPosition":{"type":"constant","value":"Last"},"valueToAdd":{"type":"constant"},"removeItem":{"type":"variable"}},"reference":"b1628d01-3f12-4061-a7eb-c9e3fefe0a53","id":"pbButton"}],[{"type":"component","dimension":{"xs":12,"sm":12,"md":12,"lg":12},"propertyValues":{"cssClasses":{"type":"constant","value":""},"hidden":{"type":"constant","value":false},"text":{"type":"interpolation","value":"<div class=\"well\">{{accessRight.cleanstatus.error}}<p>\n{{accessRight.cleanstatus.message}}</div>"},"alignment":{"type":"constant","value":"left"}},"reference":"adf37a36-6333-4e02-b9e1-25adf262e52e","id":"pbText"}]]},{"type":"container","dimension":{"xs":12,"sm":12,"md":4,"lg":4},"propertyValues":{"cssClasses":{"type":"constant","value":""},"hidden":{"type":"constant","value":false},"repeatedCollection":{"type":"variable"}},"reference":"6eab6fee-64fe-4f9e-99b5-86b84a0040d8","rows":[[{"type":"component","dimension":{"xs":12,"sm":12,"md":12,"lg":6},"propertyValues":{"cssClasses":{"type":"constant","value":""},"hidden":{"type":"constant","value":false},"required":{"type":"constant","value":true},"minLength":{"type":"constant","value":""},"maxLength":{"type":"constant","value":""},"readOnly":{"type":"constant","value":false},"labelHidden":{"type":"constant","value":false},"label":{"type":"interpolation","value":"Rule Name"},"labelPosition":{"type":"constant","value":"top"},"labelWidth":{"type":"constant","value":4},"placeholder":{"type":"interpolation"},"value":{"type":"variable","value":"accessRight.add.ruleName"},"type":{"type":"constant","value":"text"},"min":{"type":"constant"},"max":{"type":"constant"},"realMaxLength":{"type":"constant"},"styleCSS":{"type":"constant"},"title":{"type":"constant"}},"reference":"eb6d9d92-8e3d-4e81-aac3-99bfb3d3f688","id":"customInputPlus"}],[{"type":"component","dimension":{"xs":12,"sm":12,"md":12,"lg":12},"propertyValues":{"cssClasses":{"type":"constant","value":""},"hidden":{"type":"constant","value":false},"required":{"type":"constant","value":true},"minLength":{"type":"constant","value":""},"maxLength":{"type":"constant","value":""},"readOnly":{"type":"constant","value":false},"labelHidden":{"type":"constant","value":false},"label":{"type":"interpolation","value":"name"},"labelPosition":{"type":"constant","value":"top"},"labelWidth":{"type":"constant","value":4},"placeholder":{"type":"interpolation"},"value":{"type":"variable","value":"accessRight.add.name"},"type":{"type":"constant","value":"text"},"min":{"type":"constant"},"max":{"type":"constant"},"realMaxLength":{"type":"constant"},"styleCSS":{"type":"constant"},"title":{"type":"constant"}},"reference":"d42e9c01-5614-44b9-ac08-4dd3c77c4cbe","id":"customInputPlus"}],[{"type":"component","dimension":{"xs":12,"sm":12,"md":12,"lg":12},"propertyValues":{"cssClasses":{"type":"constant","value":""},"hidden":{"type":"constant","value":false},"required":{"type":"constant","value":false},"minLength":{"type":"constant","value":""},"maxLength":{"type":"constant","value":""},"readOnly":{"type":"constant","value":false},"labelHidden":{"type":"constant","value":false},"label":{"type":"interpolation","value":"Domain"},"labelPosition":{"type":"constant","value":"top"},"labelWidth":{"type":"constant","value":4},"placeholder":{"type":"interpolation"},"value":{"type":"variable","value":"accessRight.add.domain"},"type":{"type":"constant","value":"text"},"min":{"type":"constant"},"max":{"type":"constant"},"realMaxLength":{"type":"constant"},"styleCSS":{"type":"constant"},"title":{"type":"constant"}},"reference":"a1d660d8-b663-44b6-8a5b-b4f9d4047e2e","id":"customInputPlus"}],[{"type":"component","dimension":{"xs":12,"sm":12,"md":12,"lg":12},"propertyValues":{"cssClasses":{"type":"constant","value":""},"hidden":{"type":"constant","value":false},"disabled":{"type":"constant","value":false},"required":{"type":"constant","value":false},"label":{"type":"interpolation","value":"Domain Is User"},"value":{"type":"variable","value":"accessRight.add.domainIsUserId"}},"reference":"654b45e8-e545-43b5-9efb-2473772b8d9f","id":"pbCheckbox"}],[{"type":"component","dimension":{"xs":12,"sm":12,"md":12,"lg":12},"propertyValues":{"cssClasses":{"type":"constant","value":""},"hidden":{"type":"constant","value":false},"disabled":{"type":"constant","value":false},"required":{"type":"constant","value":false},"label":{"type":"interpolation","value":"ReadOnly"},"value":{"type":"variable","value":"accessRight.add.readOnly"}},"reference":"9c3ca56d-b8c8-4419-90bf-13195559a7f4","id":"pbCheckbox"}],[{"type":"component","dimension":{"xs":12,"sm":12,"md":12,"lg":12},"propertyValues":{"cssClasses":{"type":"constant","value":""},"hidden":{"type":"constant","value":false},"disabled":{"type":"constant","value":false},"required":{"type":"constant","value":false},"label":{"type":"interpolation","value":"Admin"},"value":{"type":"variable","value":"accessRight.add.isAdmin"}},"reference":"8043ded2-b8d4-4621-98f4-4c46cd70aab5","id":"pbCheckbox"}],[{"type":"component","dimension":{"xs":12,"sm":12,"md":12,"lg":12},"propertyValues":{"cssClasses":{"type":"constant","value":""},"hidden":{"type":"constant","value":false},"disabled":{"type":"constant","value":false},"required":{"type":"constant","value":false},"label":{"type":"interpolation","value":"apply all Domaines"},"value":{"type":"variable","value":"accessRight.add.applyAllDomain"}},"reference":"86a6c902-1cd7-409e-b2f6-61afbe6e59b7","id":"pbCheckbox"}],[{"type":"component","dimension":{"xs":12,"sm":12,"md":12,"lg":12},"propertyValues":{"cssClasses":{"type":"constant","value":""},"hidden":{"type":"constant","value":false},"required":{"type":"constant","value":false},"minLength":{"type":"constant","value":""},"maxLength":{"type":"constant","value":""},"readOnly":{"type":"constant","value":false},"labelHidden":{"type":"constant","value":false},"label":{"type":"interpolation","value":"Profile Name"},"labelPosition":{"type":"constant","value":"top"},"labelWidth":{"type":"constant","value":4},"placeholder":{"type":"interpolation"},"value":{"type":"variable","value":"accessRight.add.profileName"},"type":{"type":"constant","value":"text"},"min":{"type":"constant"},"max":{"type":"constant"},"realMaxLength":{"type":"constant"},"styleCSS":{"type":"constant"},"title":{"type":"constant"}},"reference":"fb66c37e-b780-4f23-b491-096f9c827baa","id":"customInputPlus"}],[{"type":"component","dimension":{"xs":12,"sm":12,"md":12,"lg":12},"propertyValues":{"cssClasses":{"type":"constant","value":""},"hidden":{"type":"constant","value":false},"required":{"type":"constant","value":false},"minLength":{"type":"constant","value":""},"maxLength":{"type":"constant","value":""},"readOnly":{"type":"constant","value":false},"labelHidden":{"type":"constant","value":false},"label":{"type":"interpolation","value":"Role Name"},"labelPosition":{"type":"constant","value":"top"},"labelWidth":{"type":"constant","value":4},"placeholder":{"type":"interpolation"},"value":{"type":"variable","value":"accessRight.add.roleName"},"type":{"type":"constant","value":"text"},"min":{"type":"constant"},"max":{"type":"constant"},"realMaxLength":{"type":"constant"},"styleCSS":{"type":"constant"},"title":{"type":"constant"}},"reference":"8f191d67-58a8-4496-84fb-cd6da1cef9dd","id":"customInputPlus"}],[{"type":"component","dimension":{"xs":12,"sm":12,"md":12,"lg":12},"propertyValues":{"cssClasses":{"type":"constant","value":""},"hidden":{"type":"constant","value":false},"required":{"type":"constant","value":false},"minLength":{"type":"constant","value":""},"maxLength":{"type":"constant","value":""},"readOnly":{"type":"constant","value":false},"labelHidden":{"type":"constant","value":false},"label":{"type":"interpolation","value":"GroupPath"},"labelPosition":{"type":"constant","value":"top"},"labelWidth":{"type":"constant","value":4},"placeholder":{"type":"interpolation"},"value":{"type":"variable","value":"accessRight.add.groupPath"},"type":{"type":"constant","value":"text"},"min":{"type":"constant"},"max":{"type":"constant"},"realMaxLength":{"type":"constant"},"styleCSS":{"type":"constant"},"title":{"type":"constant"}},"reference":"11f4959b-a6e7-447a-adc1-2062d1826e30","id":"customInputPlus"}],[{"type":"component","dimension":{"xs":12,"sm":12,"md":12,"lg":12},"propertyValues":{"cssClasses":{"type":"constant","value":""},"hidden":{"type":"constant","value":false},"required":{"type":"constant","value":false},"minLength":{"type":"constant","value":""},"maxLength":{"type":"constant","value":""},"readOnly":{"type":"constant","value":false},"labelHidden":{"type":"constant","value":false},"label":{"type":"interpolation","value":"User Name"},"labelPosition":{"type":"constant","value":"top"},"labelWidth":{"type":"constant","value":4},"placeholder":{"type":"interpolation"},"value":{"type":"variable","value":"accessRight.add.userName"},"type":{"type":"constant","value":"text"},"min":{"type":"constant"},"max":{"type":"constant"},"realMaxLength":{"type":"constant"},"styleCSS":{"type":"constant"},"title":{"type":"constant"}},"reference":"0b66753c-1d3b-414f-a084-720bd4b39031","id":"customInputPlus"}],[{"type":"component","dimension":{"xs":12,"sm":12,"md":12,"lg":12},"propertyValues":{"cssClasses":{"type":"constant","value":""},"hidden":{"type":"constant","value":false},"disabled":{"type":"constant","value":false},"label":{"type":"interpolation","value":"Add new rule"},"alignment":{"type":"constant","value":"center"},"buttonStyle":{"type":"constant","value":"success"},"action":{"type":"constant","value":"PUT"},"url":{"type":"interpolation","value":"../API/extension/bonitaaccessproperties?name={{accessRight.add.name}}&domain={{accessRight.add.domain}}&ruleName={{accessRight.add.ruleName}}&domainIsUserId={{accessRight.add.domainIsUserId}}&readOnly={{accessRight.add.readOnly}}&isAdmin={{accessRight.add.isAdmin}}&applyAllDomain={{accessRight.add.applyAllDomain}}&profileName={{accessRight.add.profileName}}&roleName={{accessRight.add.roleName}}&groupPath={{accessRight.add.groupPath}}&userName={{accessRight.add.userName}}"},"dataToSend":{"type":"constant"},"dataFromSuccess":{"type":"variable","value":"accessRight.addstatus"},"dataFromError":{"type":"variable"},"targetUrlOnSuccess":{"type":"interpolation"},"collectionToModify":{"type":"variable"},"collectionPosition":{"type":"constant","value":"Last"},"valueToAdd":{"type":"constant"},"removeItem":{"type":"variable"}},"reference":"2a172ce2-a1b9-4e90-a1bd-52d70915e0e5","id":"pbButton"}],[{"type":"component","dimension":{"xs":12,"sm":12,"md":12,"lg":12},"propertyValues":{"cssClasses":{"type":"constant","value":""},"hidden":{"type":"constant","value":false},"text":{"type":"interpolation","value":"<div class=\"well\">{{accessRight.addstatus.status}}\n</div>"},"alignment":{"type":"constant","value":"left"}},"reference":"30d4869c-1e5c-4648-9ce6-fb4f6f5ef2e3","id":"pbText"}]]}]]}],[{"type":"container","dimension":{"xs":12,"sm":12,"md":12,"lg":12},"propertyValues":{"cssClasses":{"type":"constant","value":"panel panel-info"},"hidden":{"type":"constant","value":false},"repeatedCollection":{"type":"variable"}},"reference":"b40f85a2-c95e-4719-872a-5f177a96cc03","rows":[[{"type":"component","dimension":{"xs":12,"sm":12,"md":12,"lg":12},"propertyValues":{"cssClasses":{"type":"constant","value":""},"hidden":{"type":"constant","value":false},"text":{"type":"interpolation","value":"Administration"},"level":{"type":"constant","value":"Level 3"},"alignment":{"type":"constant","value":"left"},"styleCSS":{"type":"constant","value":"background:#dff0d8"}},"reference":"09bba678-d93a-41e4-afbe-c7839ed4e2a0","id":"customTitlePlus"}],[{"type":"component","dimension":{"xs":12,"sm":12,"md":6,"lg":6},"propertyValues":{"cssClasses":{"type":"constant","value":""},"hidden":{"type":"constant","value":false},"disabled":{"type":"constant","value":false},"label":{"type":"interpolation","value":"Create Database Table"},"alignment":{"type":"constant","value":"center"},"buttonStyle":{"type":"constant","value":"warning"},"action":{"type":"constant","value":"PUT"},"url":{"type":"interpolation","value":"../API/extension/bonitapropsadmin?action=initialize"},"dataToSend":{"type":"constant"},"dataFromSuccess":{"type":"variable","value":"adminInitialize"},"dataFromError":{"type":"variable"},"targetUrlOnSuccess":{"type":"interpolation"},"collectionToModify":{"type":"variable"},"collectionPosition":{"type":"constant","value":"Last"},"valueToAdd":{"type":"constant"},"removeItem":{"type":"variable"}},"reference":"3f5c0808-9a6a-4cae-a44d-2fc129fb906b","id":"pbButton"},{"type":"component","dimension":{"xs":12,"sm":12,"md":6,"lg":6},"propertyValues":{"cssClasses":{"type":"constant","value":""},"hidden":{"type":"constant","value":false},"text":{"type":"interpolation","value":"<div class=\"well\">Result of initialization:<p>{{adminInitialize}}</div>"},"alignment":{"type":"constant","value":"left"}},"reference":"a22c1a2c-5218-4331-9ca8-78f3535cff6b","id":"pbText"}],[{"type":"component","dimension":{"xs":12,"sm":12,"md":3,"lg":3},"propertyValues":{"cssClasses":{"type":"constant","value":""},"hidden":{"type":"constant","value":false},"required":{"type":"constant","value":false},"minLength":{"type":"constant","value":""},"maxLength":{"type":"constant","value":""},"readOnly":{"type":"constant","value":false},"labelHidden":{"type":"constant","value":false},"label":{"type":"interpolation","value":"Name"},"labelPosition":{"type":"constant","value":"top"},"labelWidth":{"type":"constant","value":4},"placeholder":{"type":"interpolation"},"value":{"type":"variable","value":"adminReadAll.name"},"type":{"type":"constant","value":"text"},"min":{"type":"constant"},"max":{"type":"constant"},"realMaxLength":{"type":"constant"},"styleCSS":{"type":"constant"},"title":{"type":"constant"}},"reference":"da2d166d-24e0-4f5b-aa25-e9f38ccbadd2","id":"customInputPlus"},{"type":"component","dimension":{"xs":12,"sm":12,"md":3,"lg":3},"propertyValues":{"cssClasses":{"type":"constant","value":""},"hidden":{"type":"constant","value":false},"required":{"type":"constant","value":false},"minLength":{"type":"constant","value":""},"maxLength":{"type":"constant","value":""},"readOnly":{"type":"constant","value":false},"labelHidden":{"type":"constant","value":false},"label":{"type":"interpolation","value":"Domain"},"labelPosition":{"type":"constant","value":"top"},"labelWidth":{"type":"constant","value":4},"placeholder":{"type":"interpolation"},"value":{"type":"variable","value":"adminReadAll.domain"},"type":{"type":"constant","value":"text"},"min":{"type":"constant"},"max":{"type":"constant"},"realMaxLength":{"type":"constant"},"styleCSS":{"type":"constant"},"title":{"type":"constant"}},"reference":"a709e4a5-ed1c-48b7-83ac-fc359f5b6c4c","id":"customInputPlus"},{"type":"component","dimension":{"xs":12,"sm":12,"md":3,"lg":3},"propertyValues":{"cssClasses":{"type":"constant","value":""},"hidden":{"type":"constant","value":false},"disabled":{"type":"constant","value":false},"required":{"type":"constant","value":false},"label":{"type":"interpolation","value":"keepHierarchy"},"value":{"type":"variable","value":"adminReadAll.hierarchy"}},"reference":"0ba91191-a4e1-4cea-bd3c-30d8bb9f8bfc","id":"pbCheckbox"},{"type":"component","dimension":{"xs":12,"sm":12,"md":3,"lg":3},"propertyValues":{"cssClasses":{"type":"constant","value":""},"hidden":{"type":"constant","value":false},"disabled":{"type":"constant","value":false},"label":{"type":"interpolation","value":"Get All"},"alignment":{"type":"constant","value":"center"},"buttonStyle":{"type":"constant","value":"success"},"action":{"type":"constant","value":"PUT"},"url":{"type":"interpolation","value":"../API/extension/bonitapropsadmin?action=readall&name={{adminReadAll.name}}&domain={{adminReadAll.domain}}&hierarchy={{adminReadAll.hierarchy}}"},"dataToSend":{"type":"constant"},"dataFromSuccess":{"type":"variable","value":"adminReadAll.answer"},"dataFromError":{"type":"variable"},"targetUrlOnSuccess":{"type":"interpolation"},"collectionToModify":{"type":"variable"},"collectionPosition":{"type":"constant","value":"Last"},"valueToAdd":{"type":"constant"},"removeItem":{"type":"variable"}},"reference":"e54bc110-d251-4d79-9dbb-64b08c900230","id":"pbButton"}],[{"type":"component","dimension":{"xs":12,"sm":12,"md":12,"lg":12},"propertyValues":{"cssClasses":{"type":"constant","value":"panel panel-info"},"hidden":{"type":"constant","value":false},"headers":{"type":"constant","value":["name","domain","key","value"]},"type":{"type":"constant","value":"Variable"},"apiUrl":{"type":"constant","value":"../API/"},"params":{"type":"constant"},"content":{"type":"expression","value":"adminReadTable"},"columnsKey":{"type":"constant","value":["name","domain","key","value"]},"sortColumns":{"type":"constant"},"selectedRow":{"type":"variable"},"pageSize":{"type":"constant","value":10},"filter":{"type":"constant"}},"reference":"51c30b64-dae8-4027-a335-34729495cb1e","id":"pbDataTable"}],[{"type":"component","dimension":{"xs":12,"sm":12,"md":12,"lg":12},"propertyValues":{"cssClasses":{"type":"constant","value":""},"hidden":{"type":"constant","value":false},"text":{"type":"interpolation","value":"<div class=\"well\">All Data:<p>{{adminReadAll.answer | json}}</div>"},"alignment":{"type":"constant","value":"left"}},"reference":"a4533213-c218-43c1-a199-1da177217804","id":"pbText"}]]}]],"assets":[{"id":"a0311090-69ce-477f-8120-949e89490ca1","name":"localization.json","type":"json","order":0,"active":true,"external":false}],"inactiveAssets":[],"data":{"adminInitialize":{"type":"json","value":"{}","exposed":false},"adminReadAll":{"type":"json","value":"{}","exposed":false},"getParam":{"type":"json","value":"{ \"name\":\"REST\", \"domain\":\"sfo\", \"key\":\"color\"}","exposed":false},"putParam":{"type":"json","value":"{\n  \"name\": \"REST\",\n  \"domain\": \"sfo\",\n  \"key\": \"color\",\n  \"value\": \"blue\",\n  \"json\": \"{\\\"state\\\": \\\"California\\\",\\\"country\\\" :\\\"Sacramento\\\",\\\"maincity\\\":\\\"Los Angeles, San Francisco\\\"}\",\n  \"jsonreal\": {\n    \"state\": \"California\",\n    \"country\": \"Sacramento\",\n    \"maincity\": \"Los Angeles, San Francisco\"\n  }\n}","exposed":false},"accessRight":{"type":"json","value":"{}","exposed":false},"adminReadTable":{"type":"expression","value":"\r\nvar list=[];\r\nif (!$data.adminReadAll.answer)\r\n\treturn;\r\nif (!$data.adminReadAll.answer.values)\r\n\treturn;\r\n\t\r\nfor (var name in $data.adminReadAll.answer.values)\r\n{\r\n\tconsole.log(\" name=\"+name);\r\n\r\n\tvar namevalue=$data.adminReadAll.answer.values[ name ];\r\n\t\t\r\n\tconsole.log(\" listname=\"+name+\"=\"+JSON.stringify(namevalue));\r\n\tfor (var domain in namevalue)\r\n\t{\r\n\t\t// one name like 'aegrotat' { 'walter': {'color':'green', 'jam':'orange'}, 'datasource':'notmanage' };\r\n\r\n\t\tvar domainvalue=namevalue[ domain ];\r\n\t\tconsole.log(\" domainname=\"+domain+\" value=\"+JSON.stringify( domainvalue) );\r\n\t\tif (domainvalue.constructor === Object )\r\n\t\t{\r\n\t\t\t// one domain like 'walter': {'color':'green'}\r\n\t\t\t// check the content\r\n\t\t\tconsole.log(\" OBJECT\");\r\n\t\t\tfor (var key in domainvalue)\r\n\t\t\t{\r\n\t\t\t\t// one object like 'color':'green'\r\n\t\t\t\tvar keyvalue=domainvalue[ key ];\r\n\t\t\t\tconsole.log(\" keyname=\"+key+\" value=\"+JSON.stringify( keyvalue) );\r\n\t\t\t\r\n\t\t\t\tvar record={'name':name, 'domain':domain, 'key':key, 'value': keyvalue};\r\n\t\t\t\tlist.push( record );\r\n\t\t\t\t\r\n\t\t\t}\t\t\r\n\t\t}\r\n\t\telse\r\n\t\t{\r\n\t\t\tconsole.log(\" STRING\");\r\n\r\n\t\t\t// one item like 'datasource':'notmanage'\r\n\t\t\tvar record={'name':name, 'key':domain, 'value': domainvalue};\r\n\t\t\tlist.push( record );\r\n\t\t}\r\n\t} // end listname\r\n} // end name\r\n\r\nreturn list;","exposed":false}}}